{
    "ACALD": 0.0,
    "ACALDt": 0.0,
    "ACKr": 0.0,
    "ACONTa": 8.339761944486769,
    "ACONTb": 8.33976194448677,
    "ACt2r": 1.628380043932572e-15,
    "ADK1": 3.6746371436723684,
    "AKGDH": 7.448785511861677,
    "AKGt2r": 0.0,
    "ALCD2x": 0.0,
    "ATPM": 8.39,
    "ATPS4r": 49.267735510531764,
    "BIOMASS_Ecoli_core_w_GAM": 0.8258192905969891,
    "CO2t": -24.856847178999885,
    "CS": 8.339761944486769,
    "CYTBD": 47.80423499428138,
    "D_LACt2": 0.0,
    "ENO": 16.569298921072935,
    "ETOHt2r": 0.0,
    "EX_ac_e": 0.0,
    "EX_acald_e": 0.0,
    "EX_akg_e": 0.0,
    "EX_co2_e": 24.856847178999885,
    "EX_etoh_e": 0.0,
    "EX_for_e": 0.0,
    "EX_fru_e": 0.0,
    "EX_fum_e": 0.0,
    "EX_glc__D_e": -10.0,
    "EX_gln__L_e": 0.0,
    "EX_glu__L_e": 0.0,
    "EX_h_e": 16.565934969375594,
    "EX_h2o_e": 30.872445219424552,
    "EX_lac__D_e": 0.0,
    "EX_mal__L_e": 0.0,
    "EX_nh4_e": -4.503027427767261,
    "EX_o2_e": -23.902117497140686,
    "EX_pi_e": -3.0379414243191736,
    "EX_pyr_e": 0.0,
    "EX_succ_e": 0.0,
    "FBA": 9.178557551643177,
    "FBP": 0.0,
    "FORt2": 0.0,
    "FORt": 0.0,
    "FRD7": 0.0,
    "FRUpts2": 0.0,
    "FUM": 7.448785511861678,
    "FUMt2_2": 0.0,
    "G6PDH2r": 0.0,
    "GAPD": 17.804724579806027,
    "GLCpts": 10.000000000000002,
    "GLNS": 0.21116199260565008,
    "GLNabc": 0.0,
    "GLUDy": -4.291865435161611,
    "GLUN": 0.0,
    "GLUSy": 0.0,
    "GLUt2r": 0.0,
    "GND": 0.0,
    "H2Ot": -30.872445219424552,
    "ICDHyr": 8.33976194448677,
    "ICL": 0.0,
    "LDH_D": 0.0,
    "MALS": 0.0,
    "MALt2_2": 0.0,
    "MDH": 0.0,
    "ME1": 0.7379908852183149,
    "ME2": 6.710794626643364,
    "NADH16": 40.355449482419694,
    "NADTRHD": 0.0,
    "NH4t": 4.503027427767261,
    "O2t": 23.902117497140686,
    "PDH": 11.43476748178616,
    "PFK": 9.178557551643177,
    "PFL": 0.0,
    "PGI": 9.83070704542762,
    "PGK": -17.80472457980603,
    "PGL": 0.0,
    "PGM": -16.569298921072935,
    "PIt2r": 3.0379414243191736,
    "PPC": 9.8152532709964,
    "PPCK": 0.0,
    "PPS": 3.6746371436723684,
    "PTAr": 0.0,
    "PYK": 0.0,
    "PYRt2": 0.0,
    "RPE": -0.5935989060811161,
    "RPI": -0.5935989060811162,
    "SUCCt2_2": 0.0,
    "SUCCt3": 0.0,
    "SUCDi": 7.448785511861678,
    "SUCOAS": -7.4487855118616775,
    "TALA": -0.14773907108780157,
    "THD2": 0.0,
    "TKT1": -0.14773907108780157,
    "TKT2": -0.44585983499331455,
    "TPI": 9.178557551643177
}