{
    "ACALD": 0.0,
    "ACALDt": 0.0,
    "ACKr": 3.1922147150048876e-14,
    "ACONTa": 6.007249575350396,
    "ACONTb": 6.007249575350396,
    "ACt2r": 3.192214715004888e-14,
    "ADK1": 0.0,
    "AKGDH": 5.064375661482158,
    "AKGt2r": 0.0,
    "ALCD2x": 0.0,
    "ATPM": 8.39,
    "ATPS4r": 45.51400977451776,
    "BIOMASS_Ecoli_core_w_GAM": 0.8739215069684279,
    "CO2t": -22.809833310205086,
    "CS": 6.007249575350396,
    "CYTBD": 43.59898531199778,
    "D_LACt2": 0.0,
    "ENO": 14.716139568742859,
    "ETOHt2r": 0.0,
    "EX_ac_e": 0.0,
    "EX_acald_e": 0.0,
    "EX_akg_e": 0.0,
    "EX_co2_e": 22.809833310205086,
    "EX_etoh_e": 0.0,
    "EX_for_e": 0.0,
    "EX_fru_e": 0.0,
    "EX_fum_e": 0.0,
    "EX_glc__D_e": -10.0,
    "EX_gln__L_e": 0.0,
    "EX_glu__L_e": 0.0,
    "EX_h_e": 17.530865429786523,
    "EX_h2o_e": 29.175827135565836,
    "EX_lac__D_e": 0.0,
    "EX_mal__L_e": 0.0,
    "EX_nh4_e": -4.765319193197444,
    "EX_o2_e": -21.799492655998886,
    "EX_pi_e": -3.214895047684769,
    "EX_pyr_e": 0.0,
    "EX_succ_e": 0.0,
    "FBA": 7.477381962160304,
    "FBP": 0.0,
    "FORt2": 0.0,
    "FORt": 0.0,
    "FRD7": 0.0,
    "FRUpts2": 0.0,
    "FUM": 5.064375661482159,
    "FUMt2_2": 0.0,
    "G6PDH2r": 4.959984944574603,
    "GAPD": 16.023526143167626,
    "GLCpts": 10.000000000000002,
    "GLNS": 0.22346172933182715,
    "GLNabc": 0.0,
    "GLUDy": -4.541857463865617,
    "GLUN": 0.0,
    "GLUSy": 0.0,
    "GLUt2r": 0.0,
    "GND": 4.959984944574602,
    "H2Ot": -29.175827135565836,
    "ICDHyr": 6.007249575350396,
    "ICL": 0.0,
    "LDH_D": -2.8851667222789664e-15,
    "MALS": 0.0,
    "MALt2_2": 0.0,
    "MDH": 5.064375661482158,
    "ME1": 0.0,
    "ME2": 0.0,
    "NADH16": 38.53460965051561,
    "NADTRHD": 0.0,
    "NH4t": 4.765319193197444,
    "O2t": 21.799492655998886,
    "PDH": 9.282532599166657,
    "PFK": 7.477381962160304,
    "PFL": 0.0,
    "PGI": 4.860861146496871,
    "PGK": -16.02352614316763,
    "PGL": 4.959984944574602,
    "PGM": -14.716139568742859,
    "PIt2r": 3.214895047684769,
    "PPC": 2.504309470368726,
    "PPCK": 0.0,
    "PPS": 0.0,
    "PTAr": -1.2124702739418495e-14,
    "PYK": 1.758177444106819,
    "PYRt2": -7.59778544700626e-16,
    "RPE": 2.6784818505074948,
    "RPI": -2.2815030940671064,
    "SUCCt2_2": 0.0,
    "SUCCt3": 0.0,
    "SUCDi": 5.064375661482159,
    "SUCOAS": -5.064375661482159,
    "TALA": 1.4969837572615485,
    "THD2": 0.0,
    "TKT1": 1.4969837572615483,
    "TKT2": 1.1814980932459462,
    "TPI": 7.477381962160304
}